{
  "model": "Meta_Ensemble_v2_Neural",
  "timestamp": "2026-03-19T17:29:03.799228",
  "active_models": [
    "tft",
    "gbm",
    "bilstm",
    "timemixer",
    "gnn",
    "chronos"
  ],
  "n_active_models": 6,
  "n_meta_features": 51,
  "cv_mean": 0.7121,
  "cv_std": 0.0203,
  "val_acc": 0.5424,
  "val_f1": 0.5395,
  "val_mcc": 0.0849,
  "test_acc": 0.5099,
  "test_f1": 0.5097,
  "sharpe": 3.084,
  "sortino": 4.68,
  "calmar": 9.648,
  "max_drawdown": -0.0338,
  "alpha": 0.1496,
  "runtime_min": 4.1,
  "individual_models": [
    [
      "tft",
      0.5084745762711864,
      0.5084118116520351,
      0.392,
      -0.0767
    ],
    [
      "gbm",
      0.4632768361581921,
      0.46079846079846076,
      3.803,
      0.2126
    ],
    [
      "bilstm",
      0.4915254237288136,
      0.46557971014492755,
      -0.14,
      -0.1174
    ],
    [
      "timemixer",
      0.5480225988700564,
      0.527369826435247,
      -0.976,
      -0.1784
    ],
    [
      "gnn",
      0.519774011299435,
      0.5192215511456236,
      1.038,
      -0.0254
    ],
    [
      "chronos",
      0.5423728813559322,
      0.5150684931506849,
      0.907,
      -0.0358
    ]
  ]
}