{
  "model": "Meta_Ensemble_v2_Neural",
  "timestamp": "2026-03-19T16:32:33.451112",
  "active_models": [
    "tft",
    "gbm",
    "bilstm",
    "timemixer",
    "gnn",
    "chronos"
  ],
  "n_active_models": 6,
  "n_meta_features": 51,
  "cv_mean": 0.7177,
  "cv_std": 0.0128,
  "val_acc": 0.5141,
  "val_f1": 0.5058,
  "val_mcc": 0.0121,
  "test_acc": 0.493,
  "test_f1": 0.49,
  "sharpe": 4.712,
  "sortino": 11.621,
  "calmar": 22.144,
  "max_drawdown": -0.0218,
  "alpha": 0.2962,
  "runtime_min": 4.0,
  "individual_models": [
    [
      "tft",
      0.5084745762711864,
      0.5084118116520351,
      0.392,
      -0.0767
    ],
    [
      "gbm",
      0.4632768361581921,
      0.46079846079846076,
      3.803,
      0.2126
    ],
    [
      "bilstm",
      0.5819209039548022,
      0.5649083178315174,
      1.618,
      0.0227
    ],
    [
      "timemixer",
      0.5480225988700564,
      0.527369826435247,
      -0.976,
      -0.1784
    ],
    [
      "gnn",
      0.519774011299435,
      0.5192215511456236,
      1.038,
      -0.0254
    ],
    [
      "chronos",
      0.5423728813559322,
      0.5150684931506849,
      0.907,
      -0.0358
    ]
  ]
}