{
  "model": "Meta_Ensemble_v2_Neural",
  "timestamp": "2026-03-19T19:24:44.442864",
  "active_models": [
    "tft",
    "gbm",
    "bilstm",
    "timemixer",
    "gnn",
    "chronos"
  ],
  "n_active_models": 6,
  "n_meta_features": 51,
  "cv_mean": 0.7121,
  "cv_std": 0.0203,
  "val_acc": 0.5254,
  "val_f1": 0.5228,
  "val_mcc": 0.0523,
  "test_acc": 0.5014,
  "test_f1": 0.4991,
  "sharpe": 3.532,
  "sortino": 6.083,
  "calmar": 11.629,
  "max_drawdown": -0.0422,
  "alpha": 0.1679,
  "runtime_min": 2.9,
  "individual_models": [
    [
      "tft",
      0.5084745762711864,
      0.5084118116520351,
      0.25,
      -0.2158
    ],
    [
      "gbm",
      0.4632768361581921,
      0.46079846079846076,
      3.872,
      0.2111
    ],
    [
      "bilstm",
      0.4915254237288136,
      0.46557971014492755,
      0.15,
      -0.226
    ],
    [
      "timemixer",
      0.5480225988700564,
      0.527369826435247,
      -0.692,
      -0.308
    ],
    [
      "gnn",
      0.519774011299435,
      0.5192215511456236,
      0.887,
      -0.1487
    ],
    [
      "chronos",
      0.5423728813559322,
      0.5150684931506849,
      1.181,
      -0.116
    ]
  ]
}