{
  "model": "Meta_Ensemble_v2_Neural",
  "timestamp": "2026-03-19T14:06:36.589088",
  "active_models": [
    "tft",
    "gbm",
    "bilstm",
    "timemixer",
    "gnn",
    "chronos"
  ],
  "n_active_models": 6,
  "n_meta_features": 51,
  "cv_mean": 0.6966,
  "cv_std": 0.0345,
  "val_acc": 0.4586,
  "val_f1": 0.4388,
  "val_mcc": -0.1215,
  "test_acc": 0.493,
  "test_f1": 0.4918,
  "sharpe": 4.133,
  "sortino": 6.945,
  "calmar": 14.559,
  "max_drawdown": -0.0315,
  "alpha": 0.2054,
  "runtime_min": 3.0,
  "individual_models": [
    [
      "tft",
      0.48872180451127817,
      0.46674528301886786,
      -0.111,
      -0.074
    ],
    [
      "gbm",
      0.42105263157894735,
      0.4145658263305322,
      3.868,
      0.1869
    ],
    [
      "bilstm",
      0.5413533834586466,
      0.5396879432624113,
      1.404,
      0.0217
    ],
    [
      "timemixer",
      0.5413533834586466,
      0.5092844613802697,
      -1.199,
      -0.1379
    ],
    [
      "gnn",
      0.49624060150375937,
      0.4921060131091479,
      0.32,
      -0.0476
    ],
    [
      "chronos",
      0.5488721804511278,
      0.534965034965035,
      0.891,
      -0.0114
    ]
  ]
}